Participant_ID,Group,Lexical_TTR,Syntactic_Cscore,Cohesion_Score
P01,Premium,0.72,3.73,8.1
P02,Premium,0.669,5.32,8.3
P03,Premium,0.732,4.11,7.6
P04,Premium,0.802,3.43,7.5
P05,Premium,0.661,4.65,9.0
P06,Premium,0.661,3.33,9.4
P07,Premium,0.806,4.26,8.3
P08,Premium,0.741,2.85,9.1
P09,Premium,0.642,3.26,8.7
P10,Premium,0.723,4.25,7.9
P11,Premium,0.643,4.6,8.7
P12,Premium,0.643,4.23,9.5
P13,Premium,0.699,4.04,8.4
P14,Premium,0.527,3.92,9.5
P15,Premium,0.542,3.16,6.5
P16,Premium,0.635,3.65,9.0
P17,Premium,0.599,3.82,8.5
P18,Premium,0.705,4.81,8.2
P19,Premium,0.607,4.34,8.5
P20,Premium,0.567,2.97,7.0
P21,Premium,0.797,4.33,8.2
P22,Premium,0.662,3.87,8.7
P23,Premium,0.685,3.68,9.5
P24,Premium,0.566,4.52,8.0
P25,Premium,0.636,4.79,7.8
P26,Premium,0.689,4.73,8.0
P27,Premium,0.588,3.57,9.1
P28,Premium,0.71,3.92,8.6
P29,Premium,0.632,4.34,8.0
P30,Premium,0.657,4.75,8.8
P31,Free,0.431,3.5,6.4
P32,Free,0.527,2.1,6.5
P33,Free,0.343,4.0,5.3
P34,Free,0.384,1.7,6.4
P35,Free,0.377,3.33,6.4
P36,Free,0.259,4.65,5.3
P37,Free,0.453,2.04,8.2
P38,Free,0.449,2.39,6.6
P39,Free,0.421,2.93,4.7
P40,Free,0.394,2.44,6.9
P41,Free,0.264,1.58,5.0
P42,Free,0.374,2.91,7.0
P43,Free,0.382,1.98,7.4
P44,Free,0.332,3.24,5.2
P45,Free,0.402,2.1,7.2
P46,Free,0.464,4.12,6.6
P47,Free,0.627,2.21,7.0
P48,Free,0.439,2.59,8.3
P49,Free,0.448,3.52,5.8
P50,Free,0.412,1.84,5.2
P51,Free,0.209,3.04,5.1
P52,Free,0.417,3.92,5.2
P53,Free,0.427,1.53,6.0
P54,Free,0.691,3.0,6.5
P55,Free,0.399,3.06,6.4
P56,Free,0.453,3.49,7.1
P57,Free,0.416,1.84,6.1
P58,Free,0.291,1.77,7.8
P59,Free,0.546,3.28,5.8
P60,Free,0.503,3.09,9.2
